Anlieferdatum,Jahr,Monat,Woche,Core_Typ,Fahrzeugmodell,Menge
2019-11-01,2019,11,1,TBLBMWX32018,BMW_X3_2018,0
2019-11-08,2019,11,2,TBLBMWX32018,BMW_X3_2018,0
2019-11-15,2019,11,3,TBLBMWX32018,BMW_X3_2018,0
2019-11-22,2019,11,4,TBLBMWX32018,BMW_X3_2018,0
2019-12-01,2019,12,1,TBLBMWX32018,BMW_X3_2018,0
2019-12-08,2019,12,2,TBLBMWX32018,BMW_X3_2018,0
2019-12-15,2019,12,3,TBLBMWX32018,BMW_X3_2018,0
2019-12-22,2019,12,4,TBLBMWX32018,BMW_X3_2018,0
2020-01-01,2020,1,1,TBLBMWX32018,BMW_X3_2018,0
2020-01-08,2020,1,2,TBLBMWX32018,BMW_X3_2018,0
2020-01-15,2020,1,3,TBLBMWX32018,BMW_X3_2018,0
2020-01-22,2020,1,4,TBLBMWX32018,BMW_X3_2018,0
2020-02-01,2020,2,1,TBLBMWX32018,BMW_X3_2018,0
2020-02-08,2020,2,2,TBLBMWX32018,BMW_X3_2018,0
2020-02-15,2020,2,3,TBLBMWX32018,BMW_X3_2018,0
2020-02-22,2020,2,4,TBLBMWX32018,BMW_X3_2018,0
2020-03-01,2020,3,1,TBLBMWX32018,BMW_X3_2018,0
2020-03-08,2020,3,2,TBLBMWX32018,BMW_X3_2018,0
2020-03-15,2020,3,3,TBLBMWX32018,BMW_X3_2018,0
2020-03-22,2020,3,4,TBLBMWX32018,BMW_X3_2018,0
2020-04-01,2020,4,1,TBLBMWX32018,BMW_X3_2018,0
2020-04-08,2020,4,2,TBLBMWX32018,BMW_X3_2018,0
2020-04-15,2020,4,3,TBLBMWX32018,BMW_X3_2018,0
2020-04-22,2020,4,4,TBLBMWX32018,BMW_X3_2018,0
2020-05-01,2020,5,1,TBLBMWX32018,BMW_X3_2018,0
2020-05-08,2020,5,2,TBLBMWX32018,BMW_X3_2018,0
2020-05-15,2020,5,3,TBLBMWX32018,BMW_X3_2018,0
2020-05-22,2020,5,4,TBLBMWX32018,BMW_X3_2018,0
2020-06-01,2020,6,1,TBLBMWX32018,BMW_X3_2018,0
2020-06-08,2020,6,2,TBLBMWX32018,BMW_X3_2018,0
2020-06-15,2020,6,3,TBLBMWX32018,BMW_X3_2018,0
2020-06-22,2020,6,4,TBLBMWX32018,BMW_X3_2018,0
2020-07-01,2020,7,1,TBLBMWX32018,BMW_X3_2018,0
2020-07-08,2020,7,2,TBLBMWX32018,BMW_X3_2018,0
2020-07-15,2020,7,3,TBLBMWX32018,BMW_X3_2018,0
2020-07-22,2020,7,4,TBLBMWX32018,BMW_X3_2018,0
2020-08-01,2020,8,1,TBLBMWX32018,BMW_X3_2018,0
2020-08-08,2020,8,2,TBLBMWX32018,BMW_X3_2018,0
2020-08-15,2020,8,3,TBLBMWX32018,BMW_X3_2018,0
2020-08-22,2020,8,4,TBLBMWX32018,BMW_X3_2018,0
2020-09-01,2020,9,1,TBLBMWX32018,BMW_X3_2018,0
2020-09-08,2020,9,2,TBLBMWX32018,BMW_X3_2018,0
2020-09-15,2020,9,3,TBLBMWX32018,BMW_X3_2018,0
2020-09-22,2020,9,4,TBLBMWX32018,BMW_X3_2018,0
2020-10-01,2020,10,1,TBLBMWX32018,BMW_X3_2018,0
2020-10-08,2020,10,2,TBLBMWX32018,BMW_X3_2018,0
2020-10-15,2020,10,3,TBLBMWX32018,BMW_X3_2018,0
2020-10-22,2020,10,4,TBLBMWX32018,BMW_X3_2018,0
2020-11-01,2020,11,1,TBLBMWX32018,BMW_X3_2018,0
2020-11-08,2020,11,2,TBLBMWX32018,BMW_X3_2018,0
2020-11-15,2020,11,3,TBLBMWX32018,BMW_X3_2018,0
2020-11-22,2020,11,4,TBLBMWX32018,BMW_X3_2018,0
2020-12-01,2020,12,1,TBLBMWX32018,BMW_X3_2018,1
2020-12-08,2020,12,2,TBLBMWX32018,BMW_X3_2018,1
2020-12-15,2020,12,3,TBLBMWX32018,BMW_X3_2018,1
2020-12-22,2020,12,4,TBLBMWX32018,BMW_X3_2018,1
2021-01-01,2021,1,1,TBLBMWX32018,BMW_X3_2018,0
2021-01-08,2021,1,2,TBLBMWX32018,BMW_X3_2018,0
2021-01-15,2021,1,3,TBLBMWX32018,BMW_X3_2018,0
2021-01-22,2021,1,4,TBLBMWX32018,BMW_X3_2018,0
2021-02-01,2021,2,1,TBLBMWX32018,BMW_X3_2018,0
2021-02-08,2021,2,2,TBLBMWX32018,BMW_X3_2018,0
2021-02-15,2021,2,3,TBLBMWX32018,BMW_X3_2018,0
2021-02-22,2021,2,4,TBLBMWX32018,BMW_X3_2018,0
2021-03-01,2021,3,1,TBLBMWX32018,BMW_X3_2018,1
2021-03-08,2021,3,2,TBLBMWX32018,BMW_X3_2018,1
2021-03-15,2021,3,3,TBLBMWX32018,BMW_X3_2018,1
2021-03-22,2021,3,4,TBLBMWX32018,BMW_X3_2018,1
2021-04-01,2021,4,1,TBLBMWX32018,BMW_X3_2018,1
2021-04-08,2021,4,2,TBLBMWX32018,BMW_X3_2018,1
2021-04-15,2021,4,3,TBLBMWX32018,BMW_X3_2018,1
2021-04-22,2021,4,4,TBLBMWX32018,BMW_X3_2018,1
2021-05-01,2021,5,1,TBLBMWX32018,BMW_X3_2018,0
2021-05-08,2021,5,2,TBLBMWX32018,BMW_X3_2018,0
2021-05-15,2021,5,3,TBLBMWX32018,BMW_X3_2018,0
2021-05-22,2021,5,4,TBLBMWX32018,BMW_X3_2018,0
2021-06-01,2021,6,1,TBLBMWX32018,BMW_X3_2018,2
2021-06-08,2021,6,2,TBLBMWX32018,BMW_X3_2018,2
2021-06-15,2021,6,3,TBLBMWX32018,BMW_X3_2018,2
2021-06-22,2021,6,4,TBLBMWX32018,BMW_X3_2018,2
2021-07-01,2021,7,1,TBLBMWX32018,BMW_X3_2018,1
2021-07-08,2021,7,2,TBLBMWX32018,BMW_X3_2018,1
2021-07-15,2021,7,3,TBLBMWX32018,BMW_X3_2018,1
2021-07-22,2021,7,4,TBLBMWX32018,BMW_X3_2018,1
2021-08-01,2021,8,1,TBLBMWX32018,BMW_X3_2018,2
2021-08-08,2021,8,2,TBLBMWX32018,BMW_X3_2018,2
2021-08-15,2021,8,3,TBLBMWX32018,BMW_X3_2018,2
2021-08-22,2021,8,4,TBLBMWX32018,BMW_X3_2018,2
2021-09-01,2021,9,1,TBLBMWX32018,BMW_X3_2018,1
2021-09-08,2021,9,2,TBLBMWX32018,BMW_X3_2018,2
2021-09-15,2021,9,3,TBLBMWX32018,BMW_X3_2018,2
2021-09-22,2021,9,4,TBLBMWX32018,BMW_X3_2018,2
2021-10-01,2021,10,1,TBLBMWX32018,BMW_X3_2018,3
2021-10-08,2021,10,2,TBLBMWX32018,BMW_X3_2018,3
2021-10-15,2021,10,3,TBLBMWX32018,BMW_X3_2018,2
2021-10-22,2021,10,4,TBLBMWX32018,BMW_X3_2018,2
2021-10-01,2021,10,1,TBLBMWX32020,BMW_X3_2020,0
2021-10-08,2021,10,2,TBLBMWX32020,BMW_X3_2020,0
2021-10-15,2021,10,3,TBLBMWX32020,BMW_X3_2020,0
2021-10-22,2021,10,4,TBLBMWX32020,BMW_X3_2020,0
2021-11-01,2021,11,1,TBLBMWX32018,BMW_X3_2018,2
2021-11-08,2021,11,2,TBLBMWX32018,BMW_X3_2018,2
2021-11-15,2021,11,3,TBLBMWX32018,BMW_X3_2018,2
2021-11-22,2021,11,4,TBLBMWX32018,BMW_X3_2018,2
2021-11-01,2021,11,1,TBLBMWX32020,BMW_X3_2020,0
2021-11-08,2021,11,2,TBLBMWX32020,BMW_X3_2020,0
2021-11-15,2021,11,3,TBLBMWX32020,BMW_X3_2020,0
2021-11-22,2021,11,4,TBLBMWX32020,BMW_X3_2020,0
2021-12-01,2021,12,1,TBLBMWX32018,BMW_X3_2018,2
2021-12-08,2021,12,2,TBLBMWX32018,BMW_X3_2018,2
2021-12-15,2021,12,3,TBLBMWX32018,BMW_X3_2018,2
2021-12-22,2021,12,4,TBLBMWX32018,BMW_X3_2018,2
2021-12-01,2021,12,1,TBLBMWX32020,BMW_X3_2020,0
2021-12-08,2021,12,2,TBLBMWX32020,BMW_X3_2020,0
2021-12-15,2021,12,3,TBLBMWX32020,BMW_X3_2020,0
2021-12-22,2021,12,4,TBLBMWX32020,BMW_X3_2020,0
2022-01-01,2022,1,1,TBLBMWX32018,BMW_X3_2018,0
2022-01-08,2022,1,2,TBLBMWX32018,BMW_X3_2018,0
2022-01-15,2022,1,3,TBLBMWX32018,BMW_X3_2018,0
2022-01-22,2022,1,4,TBLBMWX32018,BMW_X3_2018,0
2022-01-01,2022,1,1,TBLBMWX32020,BMW_X3_2020,0
2022-01-08,2022,1,2,TBLBMWX32020,BMW_X3_2020,0
2022-01-15,2022,1,3,TBLBMWX32020,BMW_X3_2020,0
2022-01-22,2022,1,4,TBLBMWX32020,BMW_X3_2020,0
2022-02-01,2022,2,1,TBLBMWX32018,BMW_X3_2018,4
2022-02-08,2022,2,2,TBLBMWX32018,BMW_X3_2018,4
2022-02-15,2022,2,3,TBLBMWX32018,BMW_X3_2018,4
2022-02-22,2022,2,4,TBLBMWX32018,BMW_X3_2018,4
2022-02-01,2022,2,1,TBLBMWX32020,BMW_X3_2020,0
2022-02-08,2022,2,2,TBLBMWX32020,BMW_X3_2020,0
2022-02-15,2022,2,3,TBLBMWX32020,BMW_X3_2020,0
2022-02-22,2022,2,4,TBLBMWX32020,BMW_X3_2020,0
2022-03-01,2022,3,1,TBLBMWX32018,BMW_X3_2018,3
2022-03-08,2022,3,2,TBLBMWX32018,BMW_X3_2018,3
2022-03-15,2022,3,3,TBLBMWX32018,BMW_X3_2018,3
2022-03-22,2022,3,4,TBLBMWX32018,BMW_X3_2018,3
2022-03-01,2022,3,1,TBLBMWX32020,BMW_X3_2020,0
2022-03-08,2022,3,2,TBLBMWX32020,BMW_X3_2020,0
2022-03-15,2022,3,3,TBLBMWX32020,BMW_X3_2020,0
2022-03-22,2022,3,4,TBLBMWX32020,BMW_X3_2020,0
2022-04-01,2022,4,1,TBLBMWX32018,BMW_X3_2018,3
2022-04-08,2022,4,2,TBLBMWX32018,BMW_X3_2018,3
2022-04-15,2022,4,3,TBLBMWX32018,BMW_X3_2018,3
2022-04-22,2022,4,4,TBLBMWX32018,BMW_X3_2018,3
2022-04-01,2022,4,1,TBLBMWX32020,BMW_X3_2020,0
2022-04-08,2022,4,2,TBLBMWX32020,BMW_X3_2020,0
2022-04-15,2022,4,3,TBLBMWX32020,BMW_X3_2020,0
2022-04-22,2022,4,4,TBLBMWX32020,BMW_X3_2020,0
2022-05-01,2022,5,1,TBLBMWX32018,BMW_X3_2018,2
2022-05-08,2022,5,2,TBLBMWX32018,BMW_X3_2018,2
2022-05-15,2022,5,3,TBLBMWX32018,BMW_X3_2018,2
2022-05-22,2022,5,4,TBLBMWX32018,BMW_X3_2018,2
2022-05-01,2022,5,1,TBLBMWX32020,BMW_X3_2020,0
2022-05-08,2022,5,2,TBLBMWX32020,BMW_X3_2020,0
2022-05-15,2022,5,3,TBLBMWX32020,BMW_X3_2020,0
2022-05-22,2022,5,4,TBLBMWX32020,BMW_X3_2020,0
2022-06-01,2022,6,1,TBLBMWX32018,BMW_X3_2018,5
2022-06-08,2022,6,2,TBLBMWX32018,BMW_X3_2018,5
2022-06-15,2022,6,3,TBLBMWX32018,BMW_X3_2018,5
2022-06-22,2022,6,4,TBLBMWX32018,BMW_X3_2018,5
2022-06-01,2022,6,1,TBLBMWX32020,BMW_X3_2020,0
2022-06-08,2022,6,2,TBLBMWX32020,BMW_X3_2020,0
2022-06-15,2022,6,3,TBLBMWX32020,BMW_X3_2020,0
2022-06-22,2022,6,4,TBLBMWX32020,BMW_X3_2020,0
2022-07-01,2022,7,1,TBLBMWX32018,BMW_X3_2018,4
2022-07-08,2022,7,2,TBLBMWX32018,BMW_X3_2018,4
2022-07-15,2022,7,3,TBLBMWX32018,BMW_X3_2018,3
2022-07-22,2022,7,4,TBLBMWX32018,BMW_X3_2018,3
2022-07-01,2022,7,1,TBLBMWX32020,BMW_X3_2020,1
2022-07-08,2022,7,2,TBLBMWX32020,BMW_X3_2020,1
2022-07-15,2022,7,3,TBLBMWX32020,BMW_X3_2020,1
2022-07-22,2022,7,4,TBLBMWX32020,BMW_X3_2020,1
2022-08-01,2022,8,1,TBLBMWX32018,BMW_X3_2018,6
2022-08-08,2022,8,2,TBLBMWX32018,BMW_X3_2018,6
2022-08-15,2022,8,3,TBLBMWX32018,BMW_X3_2018,6
2022-08-22,2022,8,4,TBLBMWX32018,BMW_X3_2018,7
2022-08-01,2022,8,1,TBLBMWX32020,BMW_X3_2020,0
2022-08-08,2022,8,2,TBLBMWX32020,BMW_X3_2020,0
2022-08-15,2022,8,3,TBLBMWX32020,BMW_X3_2020,0
2022-08-22,2022,8,4,TBLBMWX32020,BMW_X3_2020,0
2022-09-01,2022,9,1,TBLBMWX32018,BMW_X3_2018,3
2022-09-08,2022,9,2,TBLBMWX32018,BMW_X3_2018,3
2022-09-15,2022,9,3,TBLBMWX32018,BMW_X3_2018,2
2022-09-22,2022,9,4,TBLBMWX32018,BMW_X3_2018,3
2022-09-01,2022,9,1,TBLBMWX32020,BMW_X3_2020,0
2022-09-08,2022,9,2,TBLBMWX32020,BMW_X3_2020,0
2022-09-15,2022,9,3,TBLBMWX32020,BMW_X3_2020,0
2022-09-22,2022,9,4,TBLBMWX32020,BMW_X3_2020,0
2022-10-01,2022,10,1,TBLBMWX32018,BMW_X3_2018,5
2022-10-08,2022,10,2,TBLBMWX32018,BMW_X3_2018,5
2022-10-15,2022,10,3,TBLBMWX32018,BMW_X3_2018,5
2022-10-22,2022,10,4,TBLBMWX32018,BMW_X3_2018,5
2022-10-01,2022,10,1,TBLBMWX32020,BMW_X3_2020,0
2022-10-08,2022,10,2,TBLBMWX32020,BMW_X3_2020,0
2022-10-15,2022,10,3,TBLBMWX32020,BMW_X3_2020,0
2022-10-22,2022,10,4,TBLBMWX32020,BMW_X3_2020,0
2022-11-01,2022,11,1,TBLBMWX32018,BMW_X3_2018,5
2022-11-08,2022,11,2,TBLBMWX32018,BMW_X3_2018,4
2022-11-15,2022,11,3,TBLBMWX32018,BMW_X3_2018,5
2022-11-22,2022,11,4,TBLBMWX32018,BMW_X3_2018,5
2022-11-01,2022,11,1,TBLBMWX32020,BMW_X3_2020,1
2022-11-08,2022,11,2,TBLBMWX32020,BMW_X3_2020,1
2022-11-15,2022,11,3,TBLBMWX32020,BMW_X3_2020,1
2022-11-22,2022,11,4,TBLBMWX32020,BMW_X3_2020,1
2022-12-01,2022,12,1,TBLBMWX32018,BMW_X3_2018,7
2022-12-08,2022,12,2,TBLBMWX32018,BMW_X3_2018,7
2022-12-15,2022,12,3,TBLBMWX32018,BMW_X3_2018,7
2022-12-22,2022,12,4,TBLBMWX32018,BMW_X3_2018,7
2022-12-01,2022,12,1,TBLBMWX32020,BMW_X3_2020,1
2022-12-08,2022,12,2,TBLBMWX32020,BMW_X3_2020,1
2022-12-15,2022,12,3,TBLBMWX32020,BMW_X3_2020,1
2022-12-22,2022,12,4,TBLBMWX32020,BMW_X3_2020,1
2022-12-01,2022,12,1,TBLBMWX52021,BMW_X5_2021,0
2022-12-08,2022,12,2,TBLBMWX52021,BMW_X5_2021,0
2022-12-15,2022,12,3,TBLBMWX52021,BMW_X5_2021,0
2022-12-22,2022,12,4,TBLBMWX52021,BMW_X5_2021,0
2023-01-01,2023,1,1,TBLBMWX32018,BMW_X3_2018,3
2023-01-08,2023,1,2,TBLBMWX32018,BMW_X3_2018,3
2023-01-15,2023,1,3,TBLBMWX32018,BMW_X3_2018,3
2023-01-22,2023,1,4,TBLBMWX32018,BMW_X3_2018,3
2023-01-01,2023,1,1,TBLBMWX32020,BMW_X3_2020,1
2023-01-08,2023,1,2,TBLBMWX32020,BMW_X3_2020,1
2023-01-15,2023,1,3,TBLBMWX32020,BMW_X3_2020,1
2023-01-22,2023,1,4,TBLBMWX32020,BMW_X3_2020,1
2023-01-01,2023,1,1,TBLBMWX52021,BMW_X5_2021,0
2023-01-08,2023,1,2,TBLBMWX52021,BMW_X5_2021,0
2023-01-15,2023,1,3,TBLBMWX52021,BMW_X5_2021,0
2023-01-22,2023,1,4,TBLBMWX52021,BMW_X5_2021,0
2023-02-01,2023,2,1,TBLBMWX32018,BMW_X3_2018,1
2023-02-08,2023,2,2,TBLBMWX32018,BMW_X3_2018,1
2023-02-15,2023,2,3,TBLBMWX32018,BMW_X3_2018,1
2023-02-22,2023,2,4,TBLBMWX32018,BMW_X3_2018,1
2023-02-01,2023,2,1,TBLBMWX32020,BMW_X3_2020,1
2023-02-08,2023,2,2,TBLBMWX32020,BMW_X3_2020,1
2023-02-15,2023,2,3,TBLBMWX32020,BMW_X3_2020,1
2023-02-22,2023,2,4,TBLBMWX32020,BMW_X3_2020,1
2023-02-01,2023,2,1,TBLBMWX52021,BMW_X5_2021,0
2023-02-08,2023,2,2,TBLBMWX52021,BMW_X5_2021,0
2023-02-15,2023,2,3,TBLBMWX52021,BMW_X5_2021,0
2023-02-22,2023,2,4,TBLBMWX52021,BMW_X5_2021,0
2023-03-01,2023,3,1,TBLBMWX32018,BMW_X3_2018,7
2023-03-08,2023,3,2,TBLBMWX32018,BMW_X3_2018,7
2023-03-15,2023,3,3,TBLBMWX32018,BMW_X3_2018,7
2023-03-22,2023,3,4,TBLBMWX32018,BMW_X3_2018,7
2023-03-01,2023,3,1,TBLBMWX32020,BMW_X3_2020,2
2023-03-08,2023,3,2,TBLBMWX32020,BMW_X3_2020,2
2023-03-15,2023,3,3,TBLBMWX32020,BMW_X3_2020,2
2023-03-22,2023,3,4,TBLBMWX32020,BMW_X3_2020,2
2023-03-01,2023,3,1,TBLBMWX52021,BMW_X5_2021,0
2023-03-08,2023,3,2,TBLBMWX52021,BMW_X5_2021,0
2023-03-15,2023,3,3,TBLBMWX52021,BMW_X5_2021,0
2023-03-22,2023,3,4,TBLBMWX52021,BMW_X5_2021,0
2023-04-01,2023,4,1,TBLBMWX32018,BMW_X3_2018,6
2023-04-08,2023,4,2,TBLBMWX32018,BMW_X3_2018,5
2023-04-15,2023,4,3,TBLBMWX32018,BMW_X3_2018,5
2023-04-22,2023,4,4,TBLBMWX32018,BMW_X3_2018,6
2023-04-01,2023,4,1,TBLBMWX32020,BMW_X3_2020,0
2023-04-08,2023,4,2,TBLBMWX32020,BMW_X3_2020,0
2023-04-15,2023,4,3,TBLBMWX32020,BMW_X3_2020,0
2023-04-22,2023,4,4,TBLBMWX32020,BMW_X3_2020,0
2023-04-01,2023,4,1,TBLBMWX52021,BMW_X5_2021,0
2023-04-08,2023,4,2,TBLBMWX52021,BMW_X5_2021,0
2023-04-15,2023,4,3,TBLBMWX52021,BMW_X5_2021,0
2023-04-22,2023,4,4,TBLBMWX52021,BMW_X5_2021,0
2023-05-01,2023,5,1,TBLBMWX32018,BMW_X3_2018,12
2023-05-08,2023,5,2,TBLBMWX32018,BMW_X3_2018,12
2023-05-15,2023,5,3,TBLBMWX32018,BMW_X3_2018,12
2023-05-22,2023,5,4,TBLBMWX32018,BMW_X3_2018,12
2023-05-01,2023,5,1,TBLBMWX32020,BMW_X3_2020,2
2023-05-08,2023,5,2,TBLBMWX32020,BMW_X3_2020,1
2023-05-15,2023,5,3,TBLBMWX32020,BMW_X3_2020,1
2023-05-22,2023,5,4,TBLBMWX32020,BMW_X3_2020,1
2023-05-01,2023,5,1,TBLBMWX52021,BMW_X5_2021,0
2023-05-08,2023,5,2,TBLBMWX52021,BMW_X5_2021,0
2023-05-15,2023,5,3,TBLBMWX52021,BMW_X5_2021,0
2023-05-22,2023,5,4,TBLBMWX52021,BMW_X5_2021,0
2023-06-01,2023,6,1,TBLBMWX32018,BMW_X3_2018,6
2023-06-08,2023,6,2,TBLBMWX32018,BMW_X3_2018,8
2023-06-15,2023,6,3,TBLBMWX32018,BMW_X3_2018,7
2023-06-22,2023,6,4,TBLBMWX32018,BMW_X3_2018,6
2023-06-01,2023,6,1,TBLBMWX32020,BMW_X3_2020,5
2023-06-08,2023,6,2,TBLBMWX32020,BMW_X3_2020,5
2023-06-15,2023,6,3,TBLBMWX32020,BMW_X3_2020,5
2023-06-22,2023,6,4,TBLBMWX32020,BMW_X3_2020,5
2023-06-01,2023,6,1,TBLBMWX52021,BMW_X5_2021,0
2023-06-08,2023,6,2,TBLBMWX52021,BMW_X5_2021,0
2023-06-15,2023,6,3,TBLBMWX52021,BMW_X5_2021,0
2023-06-22,2023,6,4,TBLBMWX52021,BMW_X5_2021,0
2023-07-01,2023,7,1,TBLBMWX32018,BMW_X3_2018,13
2023-07-08,2023,7,2,TBLBMWX32018,BMW_X3_2018,12
2023-07-15,2023,7,3,TBLBMWX32018,BMW_X3_2018,12
2023-07-22,2023,7,4,TBLBMWX32018,BMW_X3_2018,12
2023-07-01,2023,7,1,TBLBMWX32020,BMW_X3_2020,0
2023-07-08,2023,7,2,TBLBMWX32020,BMW_X3_2020,0
2023-07-15,2023,7,3,TBLBMWX32020,BMW_X3_2020,0
2023-07-22,2023,7,4,TBLBMWX32020,BMW_X3_2020,0
2023-07-01,2023,7,1,TBLBMWX52021,BMW_X5_2021,0
2023-07-08,2023,7,2,TBLBMWX52021,BMW_X5_2021,0
2023-07-15,2023,7,3,TBLBMWX52021,BMW_X5_2021,0
2023-07-22,2023,7,4,TBLBMWX52021,BMW_X5_2021,0
2023-08-01,2023,8,1,TBLBMWX32018,BMW_X3_2018,5
2023-08-08,2023,8,2,TBLBMWX32018,BMW_X3_2018,5
2023-08-15,2023,8,3,TBLBMWX32018,BMW_X3_2018,5
2023-08-22,2023,8,4,TBLBMWX32018,BMW_X3_2018,5
2023-08-01,2023,8,1,TBLBMWX32020,BMW_X3_2020,1
2023-08-08,2023,8,2,TBLBMWX32020,BMW_X3_2020,1
2023-08-15,2023,8,3,TBLBMWX32020,BMW_X3_2020,1
2023-08-22,2023,8,4,TBLBMWX32020,BMW_X3_2020,1
2023-08-01,2023,8,1,TBLBMWX52021,BMW_X5_2021,0
2023-08-08,2023,8,2,TBLBMWX52021,BMW_X5_2021,0
2023-08-15,2023,8,3,TBLBMWX52021,BMW_X5_2021,0
2023-08-22,2023,8,4,TBLBMWX52021,BMW_X5_2021,0
2023-09-01,2023,9,1,TBLBMWX32018,BMW_X3_2018,8
2023-09-08,2023,9,2,TBLBMWX32018,BMW_X3_2018,8
2023-09-15,2023,9,3,TBLBMWX32018,BMW_X3_2018,8
2023-09-22,2023,9,4,TBLBMWX32018,BMW_X3_2018,9
2023-09-01,2023,9,1,TBLBMWX32020,BMW_X3_2020,3
2023-09-08,2023,9,2,TBLBMWX32020,BMW_X3_2020,3
2023-09-15,2023,9,3,TBLBMWX32020,BMW_X3_2020,3
2023-09-22,2023,9,4,TBLBMWX32020,BMW_X3_2020,3
2023-09-01,2023,9,1,TBLBMWX52021,BMW_X5_2021,0
2023-09-08,2023,9,2,TBLBMWX52021,BMW_X5_2021,0
2023-09-15,2023,9,3,TBLBMWX52021,BMW_X5_2021,0
2023-09-22,2023,9,4,TBLBMWX52021,BMW_X5_2021,0
2023-10-01,2023,10,1,TBLBMWX32018,BMW_X3_2018,12
2023-10-08,2023,10,2,TBLBMWX32018,BMW_X3_2018,12
2023-10-15,2023,10,3,TBLBMWX32018,BMW_X3_2018,12
2023-10-22,2023,10,4,TBLBMWX32018,BMW_X3_2018,11
2023-10-01,2023,10,1,TBLBMWX32020,BMW_X3_2020,3
2023-10-08,2023,10,2,TBLBMWX32020,BMW_X3_2020,3
2023-10-15,2023,10,3,TBLBMWX32020,BMW_X3_2020,2
2023-10-22,2023,10,4,TBLBMWX32020,BMW_X3_2020,2
2023-10-01,2023,10,1,TBLBMWX52021,BMW_X5_2021,0
2023-10-08,2023,10,2,TBLBMWX52021,BMW_X5_2021,0
2023-10-15,2023,10,3,TBLBMWX52021,BMW_X5_2021,0
2023-10-22,2023,10,4,TBLBMWX52021,BMW_X5_2021,0
2023-11-01,2023,11,1,TBLBMWX32018,BMW_X3_2018,5
2023-11-08,2023,11,2,TBLBMWX32018,BMW_X3_2018,5
2023-11-15,2023,11,3,TBLBMWX32018,BMW_X3_2018,5
2023-11-22,2023,11,4,TBLBMWX32018,BMW_X3_2018,5
2023-11-01,2023,11,1,TBLBMWX32020,BMW_X3_2020,10
2023-11-08,2023,11,2,TBLBMWX32020,BMW_X3_2020,8
2023-11-15,2023,11,3,TBLBMWX32020,BMW_X3_2020,9
2023-11-22,2023,11,4,TBLBMWX32020,BMW_X3_2020,9
2023-11-01,2023,11,1,TBLBMWX52021,BMW_X5_2021,0
2023-11-08,2023,11,2,TBLBMWX52021,BMW_X5_2021,0
2023-11-15,2023,11,3,TBLBMWX52021,BMW_X5_2021,0
2023-11-22,2023,11,4,TBLBMWX52021,BMW_X5_2021,0
2023-12-01,2023,12,1,TBLBMWX32018,BMW_X3_2018,12
2023-12-08,2023,12,2,TBLBMWX32018,BMW_X3_2018,12
2023-12-15,2023,12,3,TBLBMWX32018,BMW_X3_2018,14
2023-12-22,2023,12,4,TBLBMWX32018,BMW_X3_2018,14
2023-12-01,2023,12,1,TBLBMWX32020,BMW_X3_2020,2
2023-12-08,2023,12,2,TBLBMWX32020,BMW_X3_2020,2
2023-12-15,2023,12,3,TBLBMWX32020,BMW_X3_2020,2
2023-12-22,2023,12,4,TBLBMWX32020,BMW_X3_2020,3
2023-12-01,2023,12,1,TBLBMWX52021,BMW_X5_2021,0
2023-12-08,2023,12,2,TBLBMWX52021,BMW_X5_2021,0
2023-12-15,2023,12,3,TBLBMWX52021,BMW_X5_2021,0
2023-12-22,2023,12,4,TBLBMWX52021,BMW_X5_2021,0
2024-01-01,2024,1,1,TBLBMWX32018,BMW_X3_2018,9
2024-01-08,2024,1,2,TBLBMWX32018,BMW_X3_2018,9
2024-01-15,2024,1,3,TBLBMWX32018,BMW_X3_2018,9
2024-01-22,2024,1,4,TBLBMWX32018,BMW_X3_2018,10
2024-01-01,2024,1,1,TBLBMWX32020,BMW_X3_2020,1
2024-01-08,2024,1,2,TBLBMWX32020,BMW_X3_2020,1
2024-01-15,2024,1,3,TBLBMWX32020,BMW_X3_2020,1
2024-01-22,2024,1,4,TBLBMWX32020,BMW_X3_2020,1
2024-01-01,2024,1,1,TBLBMWX52021,BMW_X5_2021,0
2024-01-08,2024,1,2,TBLBMWX52021,BMW_X5_2021,0
2024-01-15,2024,1,3,TBLBMWX52021,BMW_X5_2021,0
2024-01-22,2024,1,4,TBLBMWX52021,BMW_X5_2021,0
2024-02-01,2024,2,1,TBLBMWX32018,BMW_X3_2018,6
2024-02-08,2024,2,2,TBLBMWX32018,BMW_X3_2018,5
2024-02-15,2024,2,3,TBLBMWX32018,BMW_X3_2018,5
2024-02-22,2024,2,4,TBLBMWX32018,BMW_X3_2018,5
2024-02-01,2024,2,1,TBLBMWX32020,BMW_X3_2020,4
2024-02-08,2024,2,2,TBLBMWX32020,BMW_X3_2020,4
2024-02-15,2024,2,3,TBLBMWX32020,BMW_X3_2020,4
2024-02-22,2024,2,4,TBLBMWX32020,BMW_X3_2020,5
2024-02-01,2024,2,1,TBLBMWX52021,BMW_X5_2021,0
2024-02-08,2024,2,2,TBLBMWX52021,BMW_X5_2021,0
2024-02-15,2024,2,3,TBLBMWX52021,BMW_X5_2021,0
2024-02-22,2024,2,4,TBLBMWX52021,BMW_X5_2021,0
2024-03-01,2024,3,1,TBLBMWX32018,BMW_X3_2018,6
2024-03-08,2024,3,2,TBLBMWX32018,BMW_X3_2018,6
2024-03-15,2024,3,3,TBLBMWX32018,BMW_X3_2018,6
2024-03-22,2024,3,4,TBLBMWX32018,BMW_X3_2018,6
2024-03-01,2024,3,1,TBLBMWX32020,BMW_X3_2020,5
2024-03-08,2024,3,2,TBLBMWX32020,BMW_X3_2020,5
2024-03-15,2024,3,3,TBLBMWX32020,BMW_X3_2020,5
2024-03-22,2024,3,4,TBLBMWX32020,BMW_X3_2020,4
2024-03-01,2024,3,1,TBLBMWX52021,BMW_X5_2021,0
2024-03-08,2024,3,2,TBLBMWX52021,BMW_X5_2021,0
2024-03-15,2024,3,3,TBLBMWX52021,BMW_X5_2021,0
2024-03-22,2024,3,4,TBLBMWX52021,BMW_X5_2021,0
2024-04-01,2024,4,1,TBLBMWX32018,BMW_X3_2018,6
2024-04-08,2024,4,2,TBLBMWX32018,BMW_X3_2018,6
2024-04-15,2024,4,3,TBLBMWX32018,BMW_X3_2018,6
2024-04-22,2024,4,4,TBLBMWX32018,BMW_X3_2018,6
2024-04-01,2024,4,1,TBLBMWX32020,BMW_X3_2020,7
2024-04-08,2024,4,2,TBLBMWX32020,BMW_X3_2020,8
2024-04-15,2024,4,3,TBLBMWX32020,BMW_X3_2020,7
2024-04-22,2024,4,4,TBLBMWX32020,BMW_X3_2020,8
2024-04-01,2024,4,1,TBLBMWX52021,BMW_X5_2021,0
2024-04-08,2024,4,2,TBLBMWX52021,BMW_X5_2021,0
2024-04-15,2024,4,3,TBLBMWX52021,BMW_X5_2021,0
2024-04-22,2024,4,4,TBLBMWX52021,BMW_X5_2021,0
2024-05-01,2024,5,1,TBLBMWX32018,BMW_X3_2018,18
2024-05-08,2024,5,2,TBLBMWX32018,BMW_X3_2018,18
2024-05-15,2024,5,3,TBLBMWX32018,BMW_X3_2018,17
2024-05-22,2024,5,4,TBLBMWX32018,BMW_X3_2018,21
2024-05-01,2024,5,1,TBLBMWX32020,BMW_X3_2020,1
2024-05-08,2024,5,2,TBLBMWX32020,BMW_X3_2020,1
2024-05-15,2024,5,3,TBLBMWX32020,BMW_X3_2020,1
2024-05-22,2024,5,4,TBLBMWX32020,BMW_X3_2020,1
2024-05-01,2024,5,1,TBLBMWX52021,BMW_X5_2021,1
2024-05-08,2024,5,2,TBLBMWX52021,BMW_X5_2021,1
2024-05-15,2024,5,3,TBLBMWX52021,BMW_X5_2021,1
2024-05-22,2024,5,4,TBLBMWX52021,BMW_X5_2021,1
2024-06-01,2024,6,1,TBLBMWX32018,BMW_X3_2018,12
2024-06-08,2024,6,2,TBLBMWX32018,BMW_X3_2018,12
2024-06-15,2024,6,3,TBLBMWX32018,BMW_X3_2018,11
2024-06-22,2024,6,4,TBLBMWX32018,BMW_X3_2018,12
2024-06-01,2024,6,1,TBLBMWX32020,BMW_X3_2020,5
2024-06-08,2024,6,2,TBLBMWX32020,BMW_X3_2020,5
2024-06-15,2024,6,3,TBLBMWX32020,BMW_X3_2020,5
2024-06-22,2024,6,4,TBLBMWX32020,BMW_X3_2020,5
2024-06-01,2024,6,1,TBLBMWX52021,BMW_X5_2021,1
2024-06-08,2024,6,2,TBLBMWX52021,BMW_X5_2021,1
2024-06-15,2024,6,3,TBLBMWX52021,BMW_X5_2021,1
2024-06-22,2024,6,4,TBLBMWX52021,BMW_X5_2021,0
2024-07-01,2024,7,1,TBLBMWX32018,BMW_X3_2018,2
2024-07-08,2024,7,2,TBLBMWX32018,BMW_X3_2018,2
2024-07-15,2024,7,3,TBLBMWX32018,BMW_X3_2018,2
2024-07-22,2024,7,4,TBLBMWX32018,BMW_X3_2018,2
2024-07-01,2024,7,1,TBLBMWX32020,BMW_X3_2020,6
2024-07-08,2024,7,2,TBLBMWX32020,BMW_X3_2020,7
2024-07-15,2024,7,3,TBLBMWX32020,BMW_X3_2020,6
2024-07-22,2024,7,4,TBLBMWX32020,BMW_X3_2020,6
2024-07-01,2024,7,1,TBLBMWX52021,BMW_X5_2021,0
2024-07-08,2024,7,2,TBLBMWX52021,BMW_X5_2021,0
2024-07-15,2024,7,3,TBLBMWX52021,BMW_X5_2021,0
2024-07-22,2024,7,4,TBLBMWX52021,BMW_X5_2021,0
2024-08-01,2024,8,1,TBLBMWX32018,BMW_X3_2018,11
2024-08-08,2024,8,2,TBLBMWX32018,BMW_X3_2018,11
2024-08-15,2024,8,3,TBLBMWX32018,BMW_X3_2018,10
2024-08-22,2024,8,4,TBLBMWX32018,BMW_X3_2018,11
2024-08-01,2024,8,1,TBLBMWX32020,BMW_X3_2020,4
2024-08-08,2024,8,2,TBLBMWX32020,BMW_X3_2020,4
2024-08-15,2024,8,3,TBLBMWX32020,BMW_X3_2020,4
2024-08-22,2024,8,4,TBLBMWX32020,BMW_X3_2020,4
2024-08-01,2024,8,1,TBLBMWX52021,BMW_X5_2021,0
2024-08-08,2024,8,2,TBLBMWX52021,BMW_X5_2021,0
2024-08-15,2024,8,3,TBLBMWX52021,BMW_X5_2021,0
2024-08-22,2024,8,4,TBLBMWX52021,BMW_X5_2021,0
2024-09-01,2024,9,1,TBLBMWX32018,BMW_X3_2018,17
2024-09-08,2024,9,2,TBLBMWX32018,BMW_X3_2018,15
2024-09-15,2024,9,3,TBLBMWX32018,BMW_X3_2018,15
2024-09-22,2024,9,4,TBLBMWX32018,BMW_X3_2018,16
2024-09-01,2024,9,1,TBLBMWX32020,BMW_X3_2020,10
2024-09-08,2024,9,2,TBLBMWX32020,BMW_X3_2020,9
2024-09-15,2024,9,3,TBLBMWX32020,BMW_X3_2020,10
2024-09-22,2024,9,4,TBLBMWX32020,BMW_X3_2020,9
2024-09-01,2024,9,1,TBLBMWX52021,BMW_X5_2021,2
2024-09-08,2024,9,2,TBLBMWX52021,BMW_X5_2021,2
2024-09-15,2024,9,3,TBLBMWX52021,BMW_X5_2021,1
2024-09-22,2024,9,4,TBLBMWX52021,BMW_X5_2021,1
2024-10-01,2024,10,1,TBLBMWX32018,BMW_X3_2018,7
2024-10-08,2024,10,2,TBLBMWX32018,BMW_X3_2018,6
2024-10-15,2024,10,3,TBLBMWX32018,BMW_X3_2018,6
2024-10-22,2024,10,4,TBLBMWX32018,BMW_X3_2018,7
2024-10-01,2024,10,1,TBLBMWX32020,BMW_X3_2020,8
2024-10-08,2024,10,2,TBLBMWX32020,BMW_X3_2020,9
2024-10-15,2024,10,3,TBLBMWX32020,BMW_X3_2020,10
2024-10-22,2024,10,4,TBLBMWX32020,BMW_X3_2020,8
2024-10-01,2024,10,1,TBLBMWX52021,BMW_X5_2021,0
2024-10-08,2024,10,2,TBLBMWX52021,BMW_X5_2021,0
2024-10-15,2024,10,3,TBLBMWX52021,BMW_X5_2021,0
2024-10-22,2024,10,4,TBLBMWX52021,BMW_X5_2021,0
2024-11-01,2024,11,1,TBLBMWX32018,BMW_X3_2018,24
2024-11-08,2024,11,2,TBLBMWX32018,BMW_X3_2018,21
2024-11-15,2024,11,3,TBLBMWX32018,BMW_X3_2018,23
2024-11-22,2024,11,4,TBLBMWX32018,BMW_X3_2018,25
2024-11-01,2024,11,1,TBLBMWX32020,BMW_X3_2020,5
2024-11-08,2024,11,2,TBLBMWX32020,BMW_X3_2020,5
2024-11-15,2024,11,3,TBLBMWX32020,BMW_X3_2020,5
2024-11-22,2024,11,4,TBLBMWX32020,BMW_X3_2020,5
2024-11-01,2024,11,1,TBLBMWX52021,BMW_X5_2021,2
2024-11-08,2024,11,2,TBLBMWX52021,BMW_X5_2021,2
2024-11-15,2024,11,3,TBLBMWX52021,BMW_X5_2021,2
2024-11-22,2024,11,4,TBLBMWX52021,BMW_X5_2021,2
2024-12-01,2024,12,1,TBLBMWX32018,BMW_X3_2018,13
2024-12-08,2024,12,2,TBLBMWX32018,BMW_X3_2018,13
2024-12-15,2024,12,3,TBLBMWX32018,BMW_X3_2018,13
2024-12-22,2024,12,4,TBLBMWX32018,BMW_X3_2018,13
2024-12-01,2024,12,1,TBLBMWX32020,BMW_X3_2020,8
2024-12-08,2024,12,2,TBLBMWX32020,BMW_X3_2020,7
2024-12-15,2024,12,3,TBLBMWX32020,BMW_X3_2020,8
2024-12-22,2024,12,4,TBLBMWX32020,BMW_X3_2020,6
2024-12-01,2024,12,1,TBLBMWX52021,BMW_X5_2021,0
2024-12-08,2024,12,2,TBLBMWX52021,BMW_X5_2021,0
2024-12-15,2024,12,3,TBLBMWX52021,BMW_X5_2021,0
2024-12-22,2024,12,4,TBLBMWX52021,BMW_X5_2021,0
2025-01-01,2025,1,1,TBLBMWX32018,BMW_X3_2018,9
2025-01-08,2025,1,2,TBLBMWX32018,BMW_X3_2018,8
2025-01-15,2025,1,3,TBLBMWX32018,BMW_X3_2018,8
2025-01-22,2025,1,4,TBLBMWX32018,BMW_X3_2018,8
2025-01-01,2025,1,1,TBLBMWX32020,BMW_X3_2020,7
2025-01-08,2025,1,2,TBLBMWX32020,BMW_X3_2020,8
2025-01-15,2025,1,3,TBLBMWX32020,BMW_X3_2020,9
2025-01-22,2025,1,4,TBLBMWX32020,BMW_X3_2020,8
2025-01-01,2025,1,1,TBLBMWX52021,BMW_X5_2021,1
2025-01-08,2025,1,2,TBLBMWX52021,BMW_X5_2021,1
2025-01-15,2025,1,3,TBLBMWX52021,BMW_X5_2021,1
2025-01-22,2025,1,4,TBLBMWX52021,BMW_X5_2021,1
2025-02-01,2025,2,1,TBLBMWX32018,BMW_X3_2018,16
2025-02-08,2025,2,2,TBLBMWX32018,BMW_X3_2018,17
2025-02-15,2025,2,3,TBLBMWX32018,BMW_X3_2018,15
2025-02-22,2025,2,4,TBLBMWX32018,BMW_X3_2018,16
2025-02-01,2025,2,1,TBLBMWX32020,BMW_X3_2020,18
2025-02-08,2025,2,2,TBLBMWX32020,BMW_X3_2020,18
2025-02-15,2025,2,3,TBLBMWX32020,BMW_X3_2020,20
2025-02-22,2025,2,4,TBLBMWX32020,BMW_X3_2020,19
2025-02-01,2025,2,1,TBLBMWX52021,BMW_X5_2021,0
2025-02-08,2025,2,2,TBLBMWX52021,BMW_X5_2021,0
2025-02-15,2025,2,3,TBLBMWX52021,BMW_X5_2021,0
2025-02-22,2025,2,4,TBLBMWX52021,BMW_X5_2021,0
2025-03-01,2025,3,1,TBLBMWX32018,BMW_X3_2018,8
2025-03-08,2025,3,2,TBLBMWX32018,BMW_X3_2018,8
2025-03-15,2025,3,3,TBLBMWX32018,BMW_X3_2018,8
2025-03-22,2025,3,4,TBLBMWX32018,BMW_X3_2018,7
2025-03-01,2025,3,1,TBLBMWX32020,BMW_X3_2020,6
2025-03-08,2025,3,2,TBLBMWX32020,BMW_X3_2020,6
2025-03-15,2025,3,3,TBLBMWX32020,BMW_X3_2020,6
2025-03-22,2025,3,4,TBLBMWX32020,BMW_X3_2020,7
2025-03-01,2025,3,1,TBLBMWX52021,BMW_X5_2021,1
2025-03-08,2025,3,2,TBLBMWX52021,BMW_X5_2021,2
2025-03-15,2025,3,3,TBLBMWX52021,BMW_X5_2021,1
2025-03-22,2025,3,4,TBLBMWX52021,BMW_X5_2021,2
2025-04-01,2025,4,1,TBLBMWX32018,BMW_X3_2018,8
2025-04-08,2025,4,2,TBLBMWX32018,BMW_X3_2018,8
2025-04-15,2025,4,3,TBLBMWX32018,BMW_X3_2018,8
2025-04-22,2025,4,4,TBLBMWX32018,BMW_X3_2018,8
2025-04-01,2025,4,1,TBLBMWX32020,BMW_X3_2020,12
2025-04-08,2025,4,2,TBLBMWX32020,BMW_X3_2020,13
2025-04-15,2025,4,3,TBLBMWX32020,BMW_X3_2020,12
2025-04-22,2025,4,4,TBLBMWX32020,BMW_X3_2020,14
2025-04-01,2025,4,1,TBLBMWX52021,BMW_X5_2021,4
2025-04-08,2025,4,2,TBLBMWX52021,BMW_X5_2021,4
2025-04-15,2025,4,3,TBLBMWX52021,BMW_X5_2021,3
2025-04-22,2025,4,4,TBLBMWX52021,BMW_X5_2021,3
2025-05-01,2025,5,1,TBLBMWX32018,BMW_X3_2018,14
2025-05-08,2025,5,2,TBLBMWX32018,BMW_X3_2018,12
2025-05-15,2025,5,3,TBLBMWX32018,BMW_X3_2018,12
2025-05-22,2025,5,4,TBLBMWX32018,BMW_X3_2018,12
2025-05-01,2025,5,1,TBLBMWX32020,BMW_X3_2020,2
2025-05-08,2025,5,2,TBLBMWX32020,BMW_X3_2020,2
2025-05-15,2025,5,3,TBLBMWX32020,BMW_X3_2020,2
2025-05-22,2025,5,4,TBLBMWX32020,BMW_X3_2020,2
2025-05-01,2025,5,1,TBLBMWX52021,BMW_X5_2021,1
2025-05-08,2025,5,2,TBLBMWX52021,BMW_X5_2021,2
2025-05-15,2025,5,3,TBLBMWX52021,BMW_X5_2021,2
2025-05-22,2025,5,4,TBLBMWX52021,BMW_X5_2021,1
2025-06-01,2025,6,1,TBLBMWX32018,BMW_X3_2018,14
2025-06-08,2025,6,2,TBLBMWX32018,BMW_X3_2018,14
2025-06-15,2025,6,3,TBLBMWX32018,BMW_X3_2018,16
2025-06-22,2025,6,4,TBLBMWX32018,BMW_X3_2018,16
2025-06-01,2025,6,1,TBLBMWX32020,BMW_X3_2020,17
2025-06-08,2025,6,2,TBLBMWX32020,BMW_X3_2020,16
2025-06-15,2025,6,3,TBLBMWX32020,BMW_X3_2020,17
2025-06-22,2025,6,4,TBLBMWX32020,BMW_X3_2020,20
2025-06-01,2025,6,1,TBLBMWX52021,BMW_X5_2021,3
2025-06-08,2025,6,2,TBLBMWX52021,BMW_X5_2021,3
2025-06-15,2025,6,3,TBLBMWX52021,BMW_X5_2021,3
2025-06-22,2025,6,4,TBLBMWX52021,BMW_X5_2021,3
2025-07-01,2025,7,1,TBLBMWX32018,BMW_X3_2018,33
2025-07-08,2025,7,2,TBLBMWX32018,BMW_X3_2018,33
2025-07-15,2025,7,3,TBLBMWX32018,BMW_X3_2018,36
2025-07-22,2025,7,4,TBLBMWX32018,BMW_X3_2018,37
2025-07-01,2025,7,1,TBLBMWX32020,BMW_X3_2020,7
2025-07-08,2025,7,2,TBLBMWX32020,BMW_X3_2020,7
2025-07-15,2025,7,3,TBLBMWX32020,BMW_X3_2020,6
2025-07-22,2025,7,4,TBLBMWX32020,BMW_X3_2020,7
2025-07-01,2025,7,1,TBLBMWX52021,BMW_X5_2021,1
2025-07-08,2025,7,2,TBLBMWX52021,BMW_X5_2021,1
2025-07-15,2025,7,3,TBLBMWX52021,BMW_X5_2021,1
2025-07-22,2025,7,4,TBLBMWX52021,BMW_X5_2021,1
2025-08-01,2025,8,1,TBLBMWX32018,BMW_X3_2018,9
2025-08-08,2025,8,2,TBLBMWX32018,BMW_X3_2018,9
2025-08-15,2025,8,3,TBLBMWX32018,BMW_X3_2018,10
2025-08-22,2025,8,4,TBLBMWX32018,BMW_X3_2018,9
2025-08-01,2025,8,1,TBLBMWX32020,BMW_X3_2020,7
2025-08-08,2025,8,2,TBLBMWX32020,BMW_X3_2020,7
2025-08-15,2025,8,3,TBLBMWX32020,BMW_X3_2020,8
2025-08-22,2025,8,4,TBLBMWX32020,BMW_X3_2020,7
2025-08-01,2025,8,1,TBLBMWX52021,BMW_X5_2021,1
2025-08-08,2025,8,2,TBLBMWX52021,BMW_X5_2021,2
2025-08-15,2025,8,3,TBLBMWX52021,BMW_X5_2021,2
2025-08-22,2025,8,4,TBLBMWX52021,BMW_X5_2021,2
2025-09-01,2025,9,1,TBLBMWX32018,BMW_X3_2018,3
2025-09-08,2025,9,2,TBLBMWX32018,BMW_X3_2018,2
2025-09-15,2025,9,3,TBLBMWX32018,BMW_X3_2018,2
2025-09-22,2025,9,4,TBLBMWX32018,BMW_X3_2018,2
2025-09-01,2025,9,1,TBLBMWX32020,BMW_X3_2020,20
2025-09-08,2025,9,2,TBLBMWX32020,BMW_X3_2020,19
2025-09-15,2025,9,3,TBLBMWX32020,BMW_X3_2020,17
2025-09-22,2025,9,4,TBLBMWX32020,BMW_X3_2020,19
2025-09-01,2025,9,1,TBLBMWX52021,BMW_X5_2021,1
2025-09-08,2025,9,2,TBLBMWX52021,BMW_X5_2021,1
2025-09-15,2025,9,3,TBLBMWX52021,BMW_X5_2021,1
2025-09-22,2025,9,4,TBLBMWX52021,BMW_X5_2021,1
2025-10-01,2025,10,1,TBLBMWX32018,BMW_X3_2018,27
2025-10-08,2025,10,2,TBLBMWX32018,BMW_X3_2018,25
2025-10-15,2025,10,3,TBLBMWX32018,BMW_X3_2018,27
2025-10-22,2025,10,4,TBLBMWX32018,BMW_X3_2018,27
2025-10-01,2025,10,1,TBLBMWX32020,BMW_X3_2020,7
2025-10-08,2025,10,2,TBLBMWX32020,BMW_X3_2020,7
2025-10-15,2025,10,3,TBLBMWX32020,BMW_X3_2020,7
2025-10-22,2025,10,4,TBLBMWX32020,BMW_X3_2020,7
2025-10-01,2025,10,1,TBLBMWX52021,BMW_X5_2021,2
2025-10-08,2025,10,2,TBLBMWX52021,BMW_X5_2021,2
2025-10-15,2025,10,3,TBLBMWX52021,BMW_X5_2021,2
2025-10-22,2025,10,4,TBLBMWX52021,BMW_X5_2021,2
2025-11-01,2025,11,1,TBLBMWX32018,BMW_X3_2018,7
2025-11-08,2025,11,2,TBLBMWX32018,BMW_X3_2018,8
2025-11-15,2025,11,3,TBLBMWX32018,BMW_X3_2018,8
2025-11-22,2025,11,4,TBLBMWX32018,BMW_X3_2018,7
2025-11-01,2025,11,1,TBLBMWX32020,BMW_X3_2020,12
2025-11-08,2025,11,2,TBLBMWX32020,BMW_X3_2020,13
2025-11-15,2025,11,3,TBLBMWX32020,BMW_X3_2020,13
2025-11-22,2025,11,4,TBLBMWX32020,BMW_X3_2020,12
2025-11-01,2025,11,1,TBLBMWX52021,BMW_X5_2021,3
2025-11-08,2025,11,2,TBLBMWX52021,BMW_X5_2021,3
2025-11-15,2025,11,3,TBLBMWX52021,BMW_X5_2021,2
2025-11-22,2025,11,4,TBLBMWX52021,BMW_X5_2021,3
2025-12-01,2025,12,1,TBLBMWX32018,BMW_X3_2018,3
2025-12-08,2025,12,2,TBLBMWX32018,BMW_X3_2018,3
2025-12-15,2025,12,3,TBLBMWX32018,BMW_X3_2018,2
2025-12-22,2025,12,4,TBLBMWX32018,BMW_X3_2018,3
2025-12-01,2025,12,1,TBLBMWX32020,BMW_X3_2020,8
2025-12-08,2025,12,2,TBLBMWX32020,BMW_X3_2020,9
2025-12-15,2025,12,3,TBLBMWX32020,BMW_X3_2020,8
2025-12-22,2025,12,4,TBLBMWX32020,BMW_X3_2020,9
2025-12-01,2025,12,1,TBLBMWX52021,BMW_X5_2021,5
2025-12-08,2025,12,2,TBLBMWX52021,BMW_X5_2021,5
2025-12-15,2025,12,3,TBLBMWX52021,BMW_X5_2021,4
2025-12-22,2025,12,4,TBLBMWX52021,BMW_X5_2021,4
2026-01-01,2026,1,1,TBLBMWX32018,BMW_X3_2018,14
2026-01-08,2026,1,2,TBLBMWX32018,BMW_X3_2018,12
2026-01-15,2026,1,3,TBLBMWX32018,BMW_X3_2018,13
2026-01-22,2026,1,4,TBLBMWX32018,BMW_X3_2018,14
2026-01-01,2026,1,1,TBLBMWX32020,BMW_X3_2020,14
2026-01-08,2026,1,2,TBLBMWX32020,BMW_X3_2020,13
2026-01-15,2026,1,3,TBLBMWX32020,BMW_X3_2020,13
2026-01-22,2026,1,4,TBLBMWX32020,BMW_X3_2020,15
2026-01-01,2026,1,1,TBLBMWX52021,BMW_X5_2021,3
2026-01-08,2026,1,2,TBLBMWX52021,BMW_X5_2021,2
2026-01-15,2026,1,3,TBLBMWX52021,BMW_X5_2021,3
2026-01-22,2026,1,4,TBLBMWX52021,BMW_X5_2021,2
2026-02-01,2026,2,1,TBLBMWX32018,BMW_X3_2018,17
2026-02-08,2026,2,2,TBLBMWX32018,BMW_X3_2018,15
2026-02-15,2026,2,3,TBLBMWX32018,BMW_X3_2018,17
2026-02-22,2026,2,4,TBLBMWX32018,BMW_X3_2018,16
2026-02-01,2026,2,1,TBLBMWX32020,BMW_X3_2020,16
2026-02-08,2026,2,2,TBLBMWX32020,BMW_X3_2020,15
2026-02-15,2026,2,3,TBLBMWX32020,BMW_X3_2020,16
2026-02-22,2026,2,4,TBLBMWX32020,BMW_X3_2020,17
2026-02-01,2026,2,1,TBLBMWX52021,BMW_X5_2021,3
2026-02-08,2026,2,2,TBLBMWX52021,BMW_X5_2021,3
2026-02-15,2026,2,3,TBLBMWX52021,BMW_X5_2021,3
2026-02-22,2026,2,4,TBLBMWX52021,BMW_X5_2021,3
2026-03-01,2026,3,1,TBLBMWX32018,BMW_X3_2018,9
2026-03-08,2026,3,2,TBLBMWX32018,BMW_X3_2018,8
2026-03-15,2026,3,3,TBLBMWX32018,BMW_X3_2018,8
2026-03-22,2026,3,4,TBLBMWX32018,BMW_X3_2018,8
2026-03-01,2026,3,1,TBLBMWX32020,BMW_X3_2020,25
2026-03-08,2026,3,2,TBLBMWX32020,BMW_X3_2020,22
2026-03-15,2026,3,3,TBLBMWX32020,BMW_X3_2020,25
2026-03-22,2026,3,4,TBLBMWX32020,BMW_X3_2020,24
2026-03-01,2026,3,1,TBLBMWX52021,BMW_X5_2021,4
2026-03-08,2026,3,2,TBLBMWX52021,BMW_X5_2021,3
2026-03-15,2026,3,3,TBLBMWX52021,BMW_X5_2021,3
2026-03-22,2026,3,4,TBLBMWX52021,BMW_X5_2021,3
2026-04-01,2026,4,1,TBLBMWX32018,BMW_X3_2018,28
2026-04-08,2026,4,2,TBLBMWX32018,BMW_X3_2018,25
2026-04-15,2026,4,3,TBLBMWX32018,BMW_X3_2018,28
2026-04-22,2026,4,4,TBLBMWX32018,BMW_X3_2018,28
2026-04-01,2026,4,1,TBLBMWX32020,BMW_X3_2020,8
2026-04-08,2026,4,2,TBLBMWX32020,BMW_X3_2020,8
2026-04-15,2026,4,3,TBLBMWX32020,BMW_X3_2020,8
2026-04-22,2026,4,4,TBLBMWX32020,BMW_X3_2020,9
2026-04-01,2026,4,1,TBLBMWX52021,BMW_X5_2021,4
2026-04-08,2026,4,2,TBLBMWX52021,BMW_X5_2021,4
2026-04-15,2026,4,3,TBLBMWX52021,BMW_X5_2021,4
2026-04-22,2026,4,4,TBLBMWX52021,BMW_X5_2021,3
2026-05-01,2026,5,1,TBLBMWX32018,BMW_X3_2018,16
2026-05-08,2026,5,2,TBLBMWX32018,BMW_X3_2018,17
2026-05-15,2026,5,3,TBLBMWX32018,BMW_X3_2018,18
2026-05-22,2026,5,4,TBLBMWX32018,BMW_X3_2018,18
2026-05-01,2026,5,1,TBLBMWX32020,BMW_X3_2020,11
2026-05-08,2026,5,2,TBLBMWX32020,BMW_X3_2020,10
2026-05-15,2026,5,3,TBLBMWX32020,BMW_X3_2020,10
2026-05-22,2026,5,4,TBLBMWX32020,BMW_X3_2020,9
2026-05-01,2026,5,1,TBLBMWX52021,BMW_X5_2021,5
2026-05-08,2026,5,2,TBLBMWX52021,BMW_X5_2021,5
2026-05-15,2026,5,3,TBLBMWX52021,BMW_X5_2021,5
2026-05-22,2026,5,4,TBLBMWX52021,BMW_X5_2021,5
2026-06-01,2026,6,1,TBLBMWX32018,BMW_X3_2018,15
2026-06-08,2026,6,2,TBLBMWX32018,BMW_X3_2018,15
2026-06-15,2026,6,3,TBLBMWX32018,BMW_X3_2018,16
2026-06-22,2026,6,4,TBLBMWX32018,BMW_X3_2018,16
2026-06-01,2026,6,1,TBLBMWX32020,BMW_X3_2020,20
2026-06-08,2026,6,2,TBLBMWX32020,BMW_X3_2020,19
2026-06-15,2026,6,3,TBLBMWX32020,BMW_X3_2020,20
2026-06-22,2026,6,4,TBLBMWX32020,BMW_X3_2020,21
2026-06-01,2026,6,1,TBLBMWX52021,BMW_X5_2021,4
2026-06-08,2026,6,2,TBLBMWX52021,BMW_X5_2021,4
2026-06-15,2026,6,3,TBLBMWX52021,BMW_X5_2021,4
2026-06-22,2026,6,4,TBLBMWX52021,BMW_X5_2021,4
2026-07-01,2026,7,1,TBLBMWX32018,BMW_X3_2018,16
2026-07-08,2026,7,2,TBLBMWX32018,BMW_X3_2018,16
2026-07-15,2026,7,3,TBLBMWX32018,BMW_X3_2018,15
2026-07-22,2026,7,4,TBLBMWX32018,BMW_X3_2018,15
2026-07-01,2026,7,1,TBLBMWX32020,BMW_X3_2020,8
2026-07-08,2026,7,2,TBLBMWX32020,BMW_X3_2020,8
2026-07-15,2026,7,3,TBLBMWX32020,BMW_X3_2020,8
2026-07-22,2026,7,4,TBLBMWX32020,BMW_X3_2020,9
2026-07-01,2026,7,1,TBLBMWX52021,BMW_X5_2021,2
2026-07-08,2026,7,2,TBLBMWX52021,BMW_X5_2021,2
2026-07-15,2026,7,3,TBLBMWX52021,BMW_X5_2021,2
2026-07-22,2026,7,4,TBLBMWX52021,BMW_X5_2021,2
2026-08-01,2026,8,1,TBLBMWX32018,BMW_X3_2018,8
2026-08-08,2026,8,2,TBLBMWX32018,BMW_X3_2018,8
2026-08-15,2026,8,3,TBLBMWX32018,BMW_X3_2018,9
2026-08-22,2026,8,4,TBLBMWX32018,BMW_X3_2018,9
2026-08-01,2026,8,1,TBLBMWX32020,BMW_X3_2020,28
2026-08-08,2026,8,2,TBLBMWX32020,BMW_X3_2020,32
2026-08-15,2026,8,3,TBLBMWX32020,BMW_X3_2020,29
2026-08-22,2026,8,4,TBLBMWX32020,BMW_X3_2020,30
2026-08-01,2026,8,1,TBLBMWX52021,BMW_X5_2021,2
2026-08-08,2026,8,2,TBLBMWX52021,BMW_X5_2021,2
2026-08-15,2026,8,3,TBLBMWX52021,BMW_X5_2021,2
2026-08-22,2026,8,4,TBLBMWX52021,BMW_X5_2021,2
2026-09-01,2026,9,1,TBLBMWX32018,BMW_X3_2018,22
2026-09-08,2026,9,2,TBLBMWX32018,BMW_X3_2018,23
2026-09-15,2026,9,3,TBLBMWX32018,BMW_X3_2018,23
2026-09-22,2026,9,4,TBLBMWX32018,BMW_X3_2018,21
2026-09-01,2026,9,1,TBLBMWX32020,BMW_X3_2020,10
2026-09-08,2026,9,2,TBLBMWX32020,BMW_X3_2020,9
2026-09-15,2026,9,3,TBLBMWX32020,BMW_X3_2020,10
2026-09-22,2026,9,4,TBLBMWX32020,BMW_X3_2020,10
2026-09-01,2026,9,1,TBLBMWX52021,BMW_X5_2021,4
2026-09-08,2026,9,2,TBLBMWX52021,BMW_X5_2021,3
2026-09-15,2026,9,3,TBLBMWX52021,BMW_X5_2021,3
2026-09-22,2026,9,4,TBLBMWX52021,BMW_X5_2021,4
2026-10-01,2026,10,1,TBLBMWX32018,BMW_X3_2018,8
2026-10-08,2026,10,2,TBLBMWX32018,BMW_X3_2018,8
2026-10-15,2026,10,3,TBLBMWX32018,BMW_X3_2018,9
2026-10-22,2026,10,4,TBLBMWX32018,BMW_X3_2018,8
2026-10-01,2026,10,1,TBLBMWX32020,BMW_X3_2020,9
2026-10-08,2026,10,2,TBLBMWX32020,BMW_X3_2020,10
2026-10-15,2026,10,3,TBLBMWX32020,BMW_X3_2020,10
2026-10-22,2026,10,4,TBLBMWX32020,BMW_X3_2020,10
2026-10-01,2026,10,1,TBLBMWX52021,BMW_X5_2021,4
2026-10-08,2026,10,2,TBLBMWX52021,BMW_X5_2021,5
2026-10-15,2026,10,3,TBLBMWX52021,BMW_X5_2021,4
2026-10-22,2026,10,4,TBLBMWX52021,BMW_X5_2021,4
2026-11-01,2026,11,1,TBLBMWX32018,BMW_X3_2018,17
2026-11-08,2026,11,2,TBLBMWX32018,BMW_X3_2018,15
2026-11-15,2026,11,3,TBLBMWX32018,BMW_X3_2018,16
2026-11-22,2026,11,4,TBLBMWX32018,BMW_X3_2018,16
2026-11-01,2026,11,1,TBLBMWX32020,BMW_X3_2020,24
2026-11-08,2026,11,2,TBLBMWX32020,BMW_X3_2020,27
2026-11-15,2026,11,3,TBLBMWX32020,BMW_X3_2020,22
2026-11-22,2026,11,4,TBLBMWX32020,BMW_X3_2020,25
2026-11-01,2026,11,1,TBLBMWX52021,BMW_X5_2021,13
2026-11-08,2026,11,2,TBLBMWX52021,BMW_X5_2021,12
2026-11-15,2026,11,3,TBLBMWX52021,BMW_X5_2021,13
2026-11-22,2026,11,4,TBLBMWX52021,BMW_X5_2021,10
2026-12-01,2026,12,1,TBLBMWX32018,BMW_X3_2018,3
2026-12-08,2026,12,2,TBLBMWX32018,BMW_X3_2018,2
2026-12-15,2026,12,3,TBLBMWX32018,BMW_X3_2018,3
2026-12-22,2026,12,4,TBLBMWX32018,BMW_X3_2018,3
2026-12-01,2026,12,1,TBLBMWX32020,BMW_X3_2020,10
2026-12-08,2026,12,2,TBLBMWX32020,BMW_X3_2020,11
2026-12-15,2026,12,3,TBLBMWX32020,BMW_X3_2020,10
2026-12-22,2026,12,4,TBLBMWX32020,BMW_X3_2020,11
2026-12-01,2026,12,1,TBLBMWX52021,BMW_X5_2021,1
2026-12-08,2026,12,2,TBLBMWX52021,BMW_X5_2021,1
2026-12-15,2026,12,3,TBLBMWX52021,BMW_X5_2021,1
2026-12-22,2026,12,4,TBLBMWX52021,BMW_X5_2021,1
2027-01-01,2027,1,1,TBLBMWX32018,BMW_X3_2018,23
2027-01-08,2027,1,2,TBLBMWX32018,BMW_X3_2018,24
2027-01-15,2027,1,3,TBLBMWX32018,BMW_X3_2018,24
2027-01-22,2027,1,4,TBLBMWX32018,BMW_X3_2018,24
2027-01-01,2027,1,1,TBLBMWX32020,BMW_X3_2020,14
2027-01-08,2027,1,2,TBLBMWX32020,BMW_X3_2020,13
2027-01-15,2027,1,3,TBLBMWX32020,BMW_X3_2020,13
2027-01-22,2027,1,4,TBLBMWX32020,BMW_X3_2020,12
2027-02-01,2027,2,1,TBLBMWX32018,BMW_X3_2018,8
2027-02-08,2027,2,2,TBLBMWX32018,BMW_X3_2018,8
2027-02-15,2027,2,3,TBLBMWX32018,BMW_X3_2018,7
2027-02-22,2027,2,4,TBLBMWX32018,BMW_X3_2018,8
2027-02-01,2027,2,1,TBLBMWX32020,BMW_X3_2020,8
2027-02-08,2027,2,2,TBLBMWX32020,BMW_X3_2020,7
2027-02-15,2027,2,3,TBLBMWX32020,BMW_X3_2020,8
2027-02-22,2027,2,4,TBLBMWX32020,BMW_X3_2020,8
2027-02-01,2027,2,1,TBLBMWX52021,BMW_X5_2021,3
2027-02-08,2027,2,2,TBLBMWX52021,BMW_X5_2021,4
2027-02-15,2027,2,3,TBLBMWX52021,BMW_X5_2021,4
2027-02-22,2027,2,4,TBLBMWX52021,BMW_X5_2021,4
2027-03-01,2027,3,1,TBLBMWX32018,BMW_X3_2018,7
2027-03-08,2027,3,2,TBLBMWX32018,BMW_X3_2018,6
2027-03-15,2027,3,3,TBLBMWX32018,BMW_X3_2018,7
2027-03-22,2027,3,4,TBLBMWX32018,BMW_X3_2018,7
2027-03-01,2027,3,1,TBLBMWX32020,BMW_X3_2020,7
2027-03-08,2027,3,2,TBLBMWX32020,BMW_X3_2020,8
2027-03-15,2027,3,3,TBLBMWX32020,BMW_X3_2020,9
2027-03-22,2027,3,4,TBLBMWX32020,BMW_X3_2020,8
2027-04-01,2027,4,1,TBLBMWX32020,BMW_X3_2020,15
2027-04-08,2027,4,2,TBLBMWX32020,BMW_X3_2020,17
2027-04-15,2027,4,3,TBLBMWX32020,BMW_X3_2020,15
2027-04-22,2027,4,4,TBLBMWX32020,BMW_X3_2020,16
2027-04-01,2027,4,1,TBLBMWX52021,BMW_X5_2021,4
2027-04-08,2027,4,2,TBLBMWX52021,BMW_X5_2021,4
2027-04-15,2027,4,3,TBLBMWX52021,BMW_X5_2021,5
2027-04-22,2027,4,4,TBLBMWX52021,BMW_X5_2021,4
2027-05-01,2027,5,1,TBLBMWX32018,BMW_X3_2018,6
2027-05-08,2027,5,2,TBLBMWX32018,BMW_X3_2018,7
2027-05-15,2027,5,3,TBLBMWX32018,BMW_X3_2018,7
2027-05-22,2027,5,4,TBLBMWX32018,BMW_X3_2018,7
2027-05-01,2027,5,1,TBLBMWX52021,BMW_X5_2021,2
2027-05-08,2027,5,2,TBLBMWX52021,BMW_X5_2021,2
2027-05-15,2027,5,3,TBLBMWX52021,BMW_X5_2021,2
2027-05-22,2027,5,4,TBLBMWX52021,BMW_X5_2021,2
2027-07-01,2027,7,1,TBLBMWX32018,BMW_X3_2018,6
2027-07-08,2027,7,2,TBLBMWX32018,BMW_X3_2018,6
2027-07-15,2027,7,3,TBLBMWX32018,BMW_X3_2018,6
2027-07-22,2027,7,4,TBLBMWX32018,BMW_X3_2018,7
